id,name,content,url
1,Appointment Scheduling Guidelines,"Patients can schedule, reschedule, or cancel appointments through our online portal or by calling our customer service. Cancellations or rescheduling should be done at least 24 hours in advance to avoid any fees. Our online system provides real-time availability of doctors and specialists, allowing for convenient booking. For urgent appointments, please contact our emergency line.",https://lamnahealthcare.com/appointment-guidelines
2,Privacy Policy,"Lamna Healthcare is committed to protecting your personal information. We use advanced security measures to ensure your data is safe and confidential. Personal data is only used for treatment purposes and is not shared with third parties without your consent, except as required by law. Patients have the right to access and correct their personal information.",https://lamnahealthcare.com/privacy-policy
3,Patient Rights and Responsibilities,"Patients have the right to receive respectful and nondiscriminatory care, to be informed about their treatment options, and to have their privacy protected. Responsibilities include providing accurate health information, following prescribed treatment plans, and respecting the rights of other patients and staff.",https://lamnahealthcare.com/patient-rights
4,Insurance Claim Procedures,"To file an insurance claim, patients should submit a completed claim form along with any required documentation, such as receipts or medical reports. Claims can be filed online through our portal or mailed to our billing department. Processing typically takes 7-10 business days.",https://lamnahealthcare.com/insurance-claims
5,Medication Information,"Our database provides detailed information about medications prescribed by our providers, including usage instructions, side effects, and interactions. Patients should consult this resource before starting any new medication and contact their provider with any questions or concerns.",https://lamnahealthcare.com/medication-info
6,Lab Test Instructions,"Before undergoing common laboratory tests, patients may need to fast or avoid certain medications. Specific instructions are provided for tests like blood glucose, cholesterol, and hormone levels. Following these guidelines ensures accurate results.",https://lamnahealthcare.com/lab-tests
7,Telehealth Services,"We offer virtual consultations via video conferencing for non-emergency conditions. Patients can schedule telehealth appointments online and will receive a secure link to join the session. Telehealth services are covered by most insurance plans.",https://lamnahealthcare.com/telehealth
8,Vaccination Guidelines,"We provide recommended vaccination schedules for children, adolescents, and adults. Guidelines are based on the latest public health recommendations and include vaccines for influenza, tetanus, HPV, and more. Consult with your provider to determine which vaccines are appropriate for you.",https://lamnahealthcare.com/vaccinations
9,Billing and Payment Information,"Our billing department handles all charges related to your care. We accept various payment methods, including credit cards, checks, and online payments. Financial assistance programs are available for eligible patients. Contact us for any billing inquiries.",https://lamnahealthcare.com/billing
10,Support Agent Best Practices,"Customer support agents should provide prompt, courteous, and accurate assistance. They are trained to handle inquiries about appointments, billing, and general information. Agents should verify patient identities before disclosing sensitive information and document all interactions.",https://lamnahealthcare.com/support-best-practices
11,Emergency Contact Procedures,"In case of a medical emergency, patients should call 911 or visit the nearest emergency room. For urgent but non-life-threatening situations, our urgent care centers are open 24/7. After-hours support is available through our nurse hotline.",https://lamnahealthcare.com/emergency-contact
12,Prescription Refill Procedures,"Patients can request prescription refills through our online portal or by calling our pharmacy. Refill requests are processed within 48 hours. Some medications may require provider approval or an appointment before refilling.",https://lamnahealthcare.com/prescription-refills
13,Feedback and Complaint Process,"We value patient feedback to improve our services. Complaints or compliments can be submitted online or through feedback forms available at our facilities. All submissions are reviewed by our patient relations team, and we strive to respond within 5 business days.",https://lamnahealthcare.com/feedback
14,Data Protection Policy,"Our data protection policy outlines how we secure patient information using encryption, access controls, and regular security audits. We comply with all relevant regulations, including HIPAA, to ensure confidentiality and integrity of patient data.",https://lamnahealthcare.com/data-protection
15,Health and Wellness Tips,"Our health library offers articles on nutrition, exercise, mental health, and disease prevention. Resources are updated regularly by our medical experts to provide the latest information on maintaining a healthy lifestyle.",https://lamnahealthcare.com/wellness-tips
16,Medical Record Access Policy,"Patients have the right to access their medical records. Records can be viewed online via our secure patient portal or requested in paper form. Identification verification is required to protect patient privacy.",https://lamnahealthcare.com/medical-records
17,Refund Policy,"Refunds are issued for canceled services, overpayments, or billing errors. Requests for refunds should be submitted to our billing department and are processed within 14 business days. Proof of payment may be required.",https://lamnahealthcare.com/refund-policy
18,Customer Support Guidelines,"Our customer support team is dedicated to resolving patient inquiries efficiently. Guidelines emphasize empathy, active listening, and clear communication. Agents are empowered to make certain decisions to expedite resolutions.",https://lamnahealthcare.com/customer-support-guidelines
19,Nutrition Counseling Services,"Our nutrition counseling services help patients manage their diets to improve health outcomes. Registered dietitians provide personalized meal plans and advice for conditions like diabetes, heart disease, and weight management. Sessions can be scheduled by appointment and may be covered by insurance.",https://lamnahealthcare.com/nutrition-counseling
20,Mental Health Support Programs,"We offer mental health services including counseling, therapy sessions, and support groups. Licensed therapists specialize in treating anxiety, depression, stress management, and other mental health conditions. Confidential appointments can be made through our online system or by phone.",https://lamnahealthcare.com/mental-health